"","Point.Forecast","Lo.80","Hi.80","Lo.95","Hi.95"
"2006 Q1",18895.4932987444,18070.6698308194,19720.3167666694,17634.0346620415,20156.9519354474
"2006 Q2",23962.6336808427,23056.5006764353,24868.7666852501,22576.8228390551,25348.4445226303
"2006 Q3",28620.7007040555,27698.6415277323,29542.7598803786,27210.5328842064,30030.8685239045
"2006 Q4",21126.0053578826,20200.685691389,22051.3250243762,19710.8510486268,22541.1596671384
